0,1,2,Player,Salary
Auston ,Matthews,13250000,Auston Matthews,13.25
Nathan,MacKinnon,12600000,Nathan MacKinnon,12.6
Connor,McDavid,12500000,Connor McDavid,12.5
Artemi,Panarin,11642857,Artemi Panarin,11.642857
Elias,Pettersson,11600000,Elias Pettersson,11.6
Erik,Karlsson,11500000,Erik Karlsson,11.5
William,Nylander,11500000,William Nylander,11.5
David,Pastrnak,11250000,David Pastrnak,11.25
Drew,Doughty,11000000,Drew Doughty,11
John,Tavares,11000000,John Tavares,11
Rasmus,Dahlin,11000000,Rasmus Dahlin,11
Mitchell,Marner,10903000,Mitchell Marner,10.903
Jonathan,Huberdeau,10500000,Jonathan Huberdeau,10.5
Aleksander,Barkov,10000000,Aleksander Barkov,10
Jack,Eichel,10000000,Jack Eichel,10
Tyler,Seguin,9850000,Tyler Seguin,9.85
Sebastian,Aho,9750000,Sebastian Aho,9.75
Zach,Werenski,9583333,Zach Werenski,9.583333
Alex,Ovechkin,9500000,Alex Ovechkin,9.5
Jamie,Benn,9500000,Jamie Benn,9.5
Mark,Stone,9500000,Mark Stone,9.5
Nikita,Kucherov,9500000,Nikita Kucherov,9.5
Seth,Jones,9500000,Seth Jones,9.5
Brayden,Point,9500000,Brayden Point,9.5
Matthew,Tkachuk,9500000,Matthew Tkachuk,9.5
Charlie,McAvoy,9500000,Charlie McAvoy,9.5
Adam,Fox,9500000,Adam Fox,9.5
Darnell,Nurse,9250000,Darnell Nurse,9.25
Mikko,Rantanen,9250000,Mikko Rantanen,9.25
Nicklas,Backstrom,9200000,Nicklas Backstrom,9.2
Mathew,Barzal,9150000,Mathew Barzal,9.15
Roman,Josi,9059000,Roman Josi,9.059
Dougie,Hamilton,9000000,Dougie Hamilton,9
Jake,Guentzel,9000000,Jake Guentzel,9
Kirill,Kaprizov,9000000,Kirill Kaprizov,9
Cale,Makar,9000000,Cale Makar,9
Alex,Pietrangelo,8800000,Alex Pietrangelo,8.8
Timo,Meier,8800000,Timo Meier,8.8
Sidney,Crosby,8700000,Sidney Crosby,8.7
Dylan,Larkin,8700000,Dylan Larkin,8.7
Patrik,Laine,8700000,Patrik Laine,8.7
Sam,Reinhart,8625000,Sam Reinhart,8.625
Moritz,Seider,8550000,Moritz Seider,8.55
Mika,Zibanejad,8500000,Mika Zibanejad,8.5
Mark,Scheifele,8500000,Mark Scheifele,8.5
Filip,Forsberg,8500000,Filip Forsberg,8.5
Bo,Horvat,8500000,Bo Horvat,8.5
Leon,Draisaitl,8500000,Leon Draisaitl,8.5
Pierre-Luc,Dubois,8500000,Pierre-Luc Dubois,8.5
Mikhail,Sergachev,8500000,Mikhail Sergachev,8.5
Roope,Hintz,8450000,Roope Hintz,8.45
Miro,Heiskanen,8450000,Miro Heiskanen,8.45
Tim,Stutzle,8350000,Tim Stutzle,8.35
Owen,Power,8350000,Owen Power,8.35
Brady,Tkachuk,8205714,Brady Tkachuk,8.205714
Tomas,Hertl,8137500,Tomas Hertl,8.1375
Jordan,Kyrou,8125000,Jordan Kyrou,8.125
Robert,Thomas,8125000,Robert Thomas,8.125
Lucas,Raymond,8075000,Lucas Raymond,8.075
Jake,Sanderson,8050000,Jake Sanderson,8.05
Jack,Hughes,8000000,Jack Hughes,8
Brent,Burns,8000000,Brent Burns,8
Steven,Stamkos,8000000,Steven Stamkos,8
Logan,Couture,8000000,Logan Couture,8
John,Carlson,8000000,John Carlson,8
J.T.,Miller,8000000,J.T. Miller,8
Jacob,Trouba,8000000,Jacob Trouba,8
Thomas,Chabot,8000000,Thomas Chabot,8
Joshua,Norris,7950000,Joshua Norris,7.95
Victor,Hedman,7875000,Victor Hedman,7.875
Kevin,Fiala,7875000,Kevin Fiala,7.875
Alex,Debrincat,7875000,Alex Debrincat,7.875
Jesper,Bratt,7875000,Jesper Bratt,7.875
Nick,Suzuki,7875000,Nick Suzuki,7.875
Shea,Weber,7857143,Shea Weber,7.857143
Quinn,Hughes,7850000,Quinn Hughes,7.85
Cole,Caufield,7850000,Cole Caufield,7.85
Jason,Robertson,7750000,Jason Robertson,7.75
Andrei,Svechnikov,7750000,Andrei Svechnikov,7.75
Dmitry,Orlov,7750000,Dmitry Orlov,7.75
Sean,Couturier,7750000,Sean Couturier,7.75
Elias,Lindholm,7750000,Elias Lindholm,7.75
Jared,Spurgeon,7575000,Jared Spurgeon,7.575
Morgan,Rielly,7500000,Morgan Rielly,7.5
Aaron,Ekblad,7500000,Aaron Ekblad,7.5
Seth,Jarvis,7420087,Seth Jarvis,7.420087
Noah,Hanifin,7350000,Noah Hanifin,7.35
Vince,Dunn,7350000,Vince Dunn,7.35
Devon,Toews,7250000,Devon Toews,7.25
Filip,Hronek,7250000,Filip Hronek,7.25
Nico,Hischier,7250000,Nico Hischier,7.25
Clayton,Keller,7150000,Clayton Keller,7.15
Kevin,Hayes,7142857,Kevin Hayes,7.142857
Brandon,Montour,7142857,Brandon Montour,7.142857
Kyle,Connor,7142857,Kyle Connor,7.142857
Tage,Thompson,7142857,Tage Thompson,7.142857
Matthew,Beniers,7142857,Matthew Beniers,7.142857
Dylan,Cozens,7100000,Dylan Cozens,7.1
Matt,Boldy,7000000,Matt Boldy,7
Anze,Kopitar,7000000,Anze Kopitar,7
Nazem,Kadri,7000000,Nazem Kadri,7
Anders,Lee,7000000,Anders Lee,7
Gabriel,Landeskog,7000000,Gabriel Landeskog,7
Brady,Skjei,7000000,Brady Skjei,7
Troy,Terry,7000000,Troy Terry,7
Ryan,McDonagh,6750000,Ryan McDonagh,6.75
Ivan,Provorov,6750000,Ivan Provorov,6.75
Brock,Boeser,6650000,Brock Boeser,6.65
Claude,Giroux,6500000,Claude Giroux,6.5
Brayden,Schenn,6500000,Brayden Schenn,6.5
Chris,Kreider,6500000,Chris Kreider,6.5
Cam,Fowler,6500000,Cam Fowler,6.5
Justin,Faulk,6500000,Justin Faulk,6.5
Brendan,Gallagher,6500000,Brendan Gallagher,6.5
Torey,Krug,6500000,Torey Krug,6.5
Hampus,Lindholm,6500000,Hampus Lindholm,6.5
Tom,Wilson,6500000,Tom Wilson,6.5
Colton,Parayko,6500000,Colton Parayko,6.5
Brandon,Hagel,6500000,Brandon Hagel,6.5
Martin,Necas,6500000,Martin Necas,6.5
Jeff,Petry,6250000,Jeff Petry,6.25
Ryan,Ellis,6250000,Ryan Ellis,6.25
Mattias,Ekholm,6250000,Mattias Ekholm,6.25
Alex,Killorn,6250000,Alex Killorn,6.25
Damon,Severson,6250000,Damon Severson,6.25
Chandler,Stephenson,6250000,Chandler Stephenson,6.25
MacKenzie,Weegar,6250000,MacKenzie Weegar,6.25
Josh,Morrissey,6250000,Josh Morrissey,6.25
Travis,Sanheim,6250000,Travis Sanheim,6.25
Anthony,Cirelli,6250000,Anthony Cirelli,6.25
Quinton,Byfield,6250000,Quinton Byfield,6.25
Owen,Tippett,6200000,Owen Tippett,6.2
Ryan,Pulock,6150000,Ryan Pulock,6.15
Brad,Marchand,6125000,Brad Marchand,6.125
Valeri,Nichushkin,6125000,Valeri Nichushkin,6.125
Evgeni,Malkin,6100000,Evgeni Malkin,6.1
Kris,Letang,6100000,Kris Letang,6.1
Taylor,Hall,6000000,Taylor Hall,6
Brock,Nelson,6000000,Brock Nelson,6
Tyler,Toffoli,6000000,Tyler Toffoli,6
Jonas,Brodin,6000000,Jonas Brodin,6
Ondrej,Palat,6000000,Ondrej Palat,6
Nikolaj,Ehlers,6000000,Nikolaj Ehlers,6
Sean,Durzi,6000000,Sean Durzi,6
William,Karlsson,5900000,William Karlsson,5.9
Vladislav,Gavrikov,5875000,Vladislav Gavrikov,5.875
Neal,Pionk,5875000,Neal Pionk,5.875
Nick,Schmaltz,5850000,Nick Schmaltz,5.85
Esa,Lindell,5800000,Esa Lindell,5.8
Pavel,Buchnevich,5800000,Pavel Buchnevich,5.8
Andrew,Mangiapane,5800000,Andrew Mangiapane,5.8
T.J.,Oshie,5750000,T.J. Oshie,5.75
Adam,Pelech,5750000,Adam Pelech,5.75
Gustav,Forsling,5750000,Gustav Forsling,5.75
Matt,Roy,5750000,Matt Roy,5.75
Casey,Mittelstadt,5750000,Casey Mittelstadt,5.75
Trevor,Zegras,5750000,Trevor Zegras,5.75
Vincent,Trocheck,5625000,Vincent Trocheck,5.625
Andrew,Copp,5625000,Andrew Copp,5.625
Jaden,Schwartz,5500000,Jaden Schwartz,5.5
Zach,Hyman,5500000,Zach Hyman,5.5
Phillip,Danault,5500000,Phillip Danault,5.5
Jonathan,Marchessault,5500000,Jonathan Marchessault,5.5
Josh,Anderson,5500000,Josh Anderson,5.5
Sean,Monahan,5500000,Sean Monahan,5.5
Andre,Burakovsky,5500000,Andre Burakovsky,5.5
Tyler,Bertuzzi,5500000,Tyler Bertuzzi,5.5
Brett,Pesce,5500000,Brett Pesce,5.5
Adrian,Kempe,5500000,Adrian Kempe,5.5
Jake,DeBrusk,5500000,Jake DeBrusk,5.5
Travis,Konecny,5500000,Travis Konecny,5.5
Andrei,Kuzmenko,5500000,Andrei Kuzmenko,5.5
Teuvo,Teravainen,5400000,Teuvo Teravainen,5.4
Oliver,Bjorkstrand,5400000,Oliver Bjorkstrand,5.4
Jaccob,Slavin,5300000,Jaccob Slavin,5.3
Charlie,Coyle,5250000,Charlie Coyle,5.25
Joel,Eriksson Ek,5250000,Joel Eriksson Ek,5.25
Shea,Theodore,5200000,Shea Theodore,5.2
Erik,Cernak,5200000,Erik Cernak,5.2
Yanni,Gourde,5166667,Yanni Gourde,5.166667
Evander,Kane,5125000,Evander Kane,5.125
Bryan,Rust,5125000,Bryan Rust,5.125
Ryan,Nugent-Hopkins,5125000,Ryan Nugent-Hopkins,5.125
Rasmus,Ristolainen,5100000,Rasmus Ristolainen,5.1
J.T.,Compher,5100000,J.T. Compher,5.1
Kyle,Palmieri,5000000,Kyle Palmieri,5
Reilly,Smith,5000000,Reilly Smith,5
Mikael,Granlund,5000000,Mikael Granlund,5
Jason,Zucker,5000000,Jason Zucker,5
Ryan,Strome,5000000,Ryan Strome,5
Rickard,Rakell,5000000,Rickard Rakell,5
Jean-Gabriel,Pageau,5000000,Jean-Gabriel Pageau,5
Ivan,Barbashev,5000000,Ivan Barbashev,5
Alexander,Wennberg,5000000,Alexander Wennberg,5
Nikita,Zadorov,5000000,Nikita Zadorov,5
Jared,McCann,5000000,Jared McCann,5
Dylan,Strome,5000000,Dylan Strome,5
Samuel,Girard,5000000,Samuel Girard,5
Joel,Farabee,5000000,Joel Farabee,5
Anton,Lundell,5000000,Anton Lundell,5
Drake,Batherson,4975000,Drake Batherson,4.975
Conor,Garland,4950000,Conor Garland,4.95
Blake,Coleman,4900000,Blake Coleman,4.9
Dylan,Demelo,4900000,Dylan Demelo,4.9
Mike,Matheson,4875000,Mike Matheson,4.875
Jesperi,Kotkaniemi,4820000,Jesperi Kotkaniemi,4.82
Ilya,Mikheyev,4750000,Ilya Mikheyev,4.75
Jordan,Eberle,4750000,Jordan Eberle,4.75
Ben,Chiarot,4750000,Ben Chiarot,4.75
Vladimir,Tarasenko,4750000,Vladimir Tarasenko,4.75
Alex,Tuch,4750000,Alex Tuch,4.75
Pavel,Zacha,4750000,Pavel Zacha,4.75
Jamie,Oleksiak,4600000,Jamie Oleksiak,4.6
Jakob,Chychrun,4600000,Jakob Chychrun,4.6
Rasmus,Sandin,4600000,Rasmus Sandin,4.6
Alex,Vlasic,4600000,Alex Vlasic,4.6
Artyom,Zub,4600000,Artyom Zub,4.6
Philip,Broberg,4580917,Philip Broberg,4.580917
Rasmus,Andersson,4550000,Rasmus Andersson,4.55
Nick,Foligno,4500000,Nick Foligno,4.5
Mikael,Backlund,4500000,Mikael Backlund,4.5
Ryan,O'Reilly,4500000,Ryan O'Reilly,4.5
Christopher,Tanev,4500000,Christopher Tanev,4.5
Josh,Manson,4500000,Josh Manson,4.5
Ryan,Graves,4500000,Ryan Graves,4.5
Artturi,Lehkonen,4500000,Artturi Lehkonen,4.5
Michael,Bunting,4500000,Michael Bunting,4.5
Mason,Marchment,4500000,Mason Marchment,4.5
Ryan,Lindgren,4500000,Ryan Lindgren,4.5
Christian,Dvorak,4450000,Christian Dvorak,4.45
Filip,Chytil,4437500,Filip Chytil,4.4375
Sam,Bennett,4425000,Sam Bennett,4.425
Connor,Murphy,4400000,Connor Murphy,4.4
John,Marino,4400000,John Marino,4.4
Lawson,Crouse,4300000,Lawson Crouse,4.3
Mattias,Samuelsson,4285714,Mattias Samuelsson,4.285714
Jason,Dickinson,4250000,Jason Dickinson,4.25
Trevor,Moore,4200000,Trevor Moore,4.2
Carter,Verhaeghe,4166667,Carter Verhaeghe,4.166667
Mats,Zuccarello,4125000,Mats Zuccarello,4.125
Mikey,Anderson,4125000,Mikey Anderson,4.125
Brandon,Carlo,4100000,Brandon Carlo,4.1
Nick,Jensen,4050000,Nick Jensen,4.05
Marcus,Pettersson,4025175,Marcus Pettersson,4.025175
Patrick,Kane,4000000,Patrick Kane,4
David,Perron,4000000,David Perron,4
Alec,Martinez,4000000,Alec Martinez,4
Nick,Leddy,4000000,Nick Leddy,4
Marcus,Foligno,4000000,Marcus Foligno,4
Erik,Gudbranson,4000000,Erik Gudbranson,4
Nino,Niederreiter,4000000,Nino Niederreiter,4
Radko,Gudas,4000000,Radko Gudas,4
Brenden,Dillon,4000000,Brenden Dillon,4
Adam,Larsson,4000000,Adam Larsson,4
Jake,McCabe,4000000,Jake McCabe,4
Ryan,Hartman,4000000,Ryan Hartman,4
Robby,Fabbri,4000000,Robby Fabbri,4
Viktor,Arvidsson,4000000,Viktor Arvidsson,4
Ross,Colton,4000000,Ross Colton,4
Alex,Iafallo,4000000,Alex Iafallo,4
Noah,Dobson,4000000,Noah Dobson,4
Thomas,Harley,4000000,Thomas Harley,4
Dawson,Mercer,4000000,Dawson Mercer,4
Evan,Bouchard,3900000,Evan Bouchard,3.9
K'Andre,Miller,3872000,K'Andre Miller,3.872
Kirill,Marchenko,3850000,Kirill Marchenko,3.85
Bowen,Byram,3850000,Bowen Byram,3.85
Joel,Edmundson,3850000,Joel Edmundson,3.85
Boone,Jenner,3750000,Boone Jenner,3.75
Matt,Dumba,3750000,Matt Dumba,3.75
Max,Domi,3750000,Max Domi,3.75
Alexandre,Carrier,3750000,Alexandre Carrier,3.75
Shane,Pinto,3750000,Shane Pinto,3.75
Frank,Vatrano,3650000,Frank Vatrano,3.65
Barclay,Goodrow,3641667,Barclay Goodrow,3.641667
Sean,Walker,3600000,Sean Walker,3.6
Oliver,Ekman-Larsson,3500000,Oliver Ekman-Larsson,3.5
David,Savard,3500000,David Savard,3.5
Scott,Mayfield,3500000,Scott Mayfield,3.5
Alexander,Kerfoot,3500000,Alexander Kerfoot,3.5
Anthony,Duclair,3500000,Anthony Duclair,3.5
Anthony,Mantha,3500000,Anthony Mantha,3.5
Warren,Foegele,3500000,Warren Foegele,3.5
Yakov,Trenin,3500000,Yakov Trenin,3.5
Thomas,Novak,3500000,Thomas Novak,3.5
Brandon,Tanev,3500000,Brandon Tanev,3.5
Eeli,Tolvanen,3475000,Eeli Tolvanen,3.475
Gabriel,Vilardi,3437500,Gabriel Vilardi,3.4375
Matias,Maccelli,3425000,Matias Maccelli,3.425
Justin,Holl,3400000,Justin Holl,3.4
Joel,Armia,3400000,Joel Armia,3.4
Jake,Walman,3400000,Jake Walman,3.4
Jonas,Siegenthaler,3400000,Jonas Siegenthaler,3.4
Aliaksei,Protas,3375000,Aliaksei Protas,3.375
Janis Jérôme,Moser,3375000,Janis Jérôme Moser,3.375
Kirby,Dach,3362500,Kirby Dach,3.3625
Connor,Clifton,3333333,Connor Clifton,3.333333
Mario,Ferraro,3250000,Mario Ferraro,3.25
Ilya,Lyubushkin,3250000,Ilya Lyubushkin,3.25
Cole,Perfetti,3250000,Cole Perfetti,3.25
Adam,Lowry,3250000,Adam Lowry,3.25
Radek,Faksa,3250000,Radek Faksa,3.25
Cody,Ceci,3250000,Cody Ceci,3.25
Carson,Soucy,3250000,Carson Soucy,3.25
Dakota,Joshua,3250000,Dakota Joshua,3.25
Shayne,Gostisbehere,3200000,Shayne Gostisbehere,3.2
Michael,Rasmussen,3200000,Michael Rasmussen,3.2
Gustav,Nyquist,3185000,Gustav Nyquist,3.185
Brian,Dumoulin,3150000,Brian Dumoulin,3.15
Erik,Haula,3150000,Erik Haula,3.15
Nick,Paul,3150000,Nick Paul,3.15
Ian,Cole,3100000,Ian Cole,3.1
Henri,Jokiharju,3100000,Henri Jokiharju,3.1
Yegor,Sharangovich,3100000,Yegor Sharangovich,3.1
Jordan,Martinook,3050000,Jordan Martinook,3.05
Adam,Henrique,3000000,Adam Henrique,3
Matt,Duchene,3000000,Matt Duchene,3
Tyler,Myers,3000000,Tyler Myers,3
Jeff,Skinner,3000000,Jeff Skinner,3
Scott,Laughton,3000000,Scott Laughton,3
Olli,Maatta,3000000,Olli Maatta,3
Trevor,van Riemsdyk,3000000,Trevor van Riemsdyk,3
Evan,Rodrigues,3000000,Evan Rodrigues,3
Jordan,Greenway,3000000,Jordan Greenway,3
Nicolas,Roy,3000000,Nicolas Roy,3
Jalen,Chatfield,3000000,Jalen Chatfield,3
Timothy,Liljegren,3000000,Timothy Liljegren,3
Eetu,Luostarinen,3000000,Eetu Luostarinen,3
Pierre,Engvall,3000000,Pierre Engvall,3
Mathieu,Joseph,2950000,Mathieu Joseph,2.95
Jordan,Staal,2900000,Jordan Staal,2.9
Alex,Newhook,2900000,Alex Newhook,2.9
Colton,Sissons,2857143,Colton Sissons,2.857143
Brayden,McNabb,2850000,Brayden McNabb,2.85
Jack,Roslovic,2800000,Jack Roslovic,2.8
Luke,Schenn,2750000,Luke Schenn,2.75
Stefan,Noesen,2750000,Stefan Noesen,2.75
Brock,McGinn,2750000,Brock McGinn,2.75
Matt,Grzelcyk,2750000,Matt Grzelcyk,2.75
Brett,Kulak,2750000,Brett Kulak,2.75
Luke,Kunin,2750000,Luke Kunin,2.75
Andrew,Peeke,2750000,Andrew Peeke,2.75
Jan,Rutta,2750000,Jan Rutta,2.75
Zach,Whitecloud,2750000,Zach Whitecloud,2.75
Nick,Seeler,2700000,Nick Seeler,2.7
William,Borgen,2700000,William Borgen,2.7
Martin,Fehervary,2675000,Martin Fehervary,2.675
Tanner,Jeannot,2665000,Tanner Jeannot,2.665
Barrett,Hayton,2650000,Barrett Hayton,2.65
Noah,Cates,2625000,Noah Cates,2.625
Michael,Amadio,2600000,Michael Amadio,2.6
Casey,Cizikas,2500000,Casey Cizikas,2.5
Sean,Kuraly,2500000,Sean Kuraly,2.5
Jonathan,Drouin,2500000,Jonathan Drouin,2.5
Miles,Wood,2500000,Miles Wood,2.5
Tucker,Poolman,2500000,Tucker Poolman,2.5
Niko,Mikkola,2500000,Niko Mikkola,2.5
Dante,Fabbro,2500000,Dante Fabbro,2.5
Cody,Glass,2500000,Cody Glass,2.5
Alexander,Romanov,2500000,Alexander Romanov,2.5
Lars,Eller,2450000,Lars Eller,2.45
Jacob,Middleton,2450000,Jacob Middleton,2.45
Jesper,Fast,2400000,Jesper Fast,2.4
David,Kampf,2400000,David Kampf,2.4
Kaapo,Kakko,2400000,Kaapo Kakko,2.4
Garnet,Hathaway,2375000,Garnet Hathaway,2.375
Alexis,Lafreniere,2325000,Alexis Lafreniere,2.325
Jamie,Drysdale,2300000,Jamie Drysdale,2.3
Trent,Frederic,2300000,Trent Frederic,2.3
Nicolas,Hague,2294150,Nicolas Hague,2.29415
Dylan,Holloway,2290457,Dylan Holloway,2.290457
Philipp,Kurashev,2250000,Philipp Kurashev,2.25
Cole,Sillinger,2250000,Cole Sillinger,2.25
Evgenii,Dadonov,2250000,Evgenii Dadonov,2.25
Danton,Heinen,2250000,Danton Heinen,2.25
Braden,Schneider,2200000,Braden Schneider,2.2
Mason,Appleton,2166667,Mason Appleton,2.166667
Nick,Bjugstad,2100000,Nick Bjugstad,2.1
Calle,Jarnkrok,2100000,Calle Jarnkrok,2.1
Frederick,Gaudreau,2100000,Frederick Gaudreau,2.1
Morgan,Frost,2100000,Morgan Frost,2.1
Alexandre,Texier,2100000,Alexandre Texier,2.1
Ryan,McLeod,2100000,Ryan McLeod,2.1
Connor,McMichael,2100000,Connor McMichael,2.1
Yegor,Chinakhov,2100000,Yegor Chinakhov,2.1
Klim,Kostin,2000000,Klim Kostin,2
Morgan,Geekie,2000000,Morgan Geekie,2
Nico,Sturm,2000000,Nico Sturm,2
Marcus,Johansson,2000000,Marcus Johansson,2
Vladislav,Namestnikov,2000000,Vladislav Namestnikov,2
Erik,Gustafsson,2000000,Erik Gustafsson,2
William,Carrier,2000000,William Carrier,2
Ryan,Donato,2000000,Ryan Donato,2
Sam,Lafferty,2000000,Sam Lafferty,2
Jeremy,Lauzon,2000000,Jeremy Lauzon,2
Kevin,Stenlund,2000000,Kevin Stenlund,2
Noel,Acciari,2000000,Noel Acciari,2
Ryan,Lomberg,2000000,Ryan Lomberg,2
Vincent,Desharnais,2000000,Vincent Desharnais,2
Juuso,Valimaki,2000000,Juuso Valimaki,2
Sonny,Milano,1900000,Sonny Milano,1.9
Brett,Howden,1900000,Brett Howden,1.9
Ryan,Poehling,1900000,Ryan Poehling,1.9
Blake,Lizotte,1850000,Blake Lizotte,1.85
Brandon,Duhaime,1850000,Brandon Duhaime,1.85
Pavel,Dorofeyev,1835000,Pavel Dorofeyev,1.835
Kent,Johnson,1800000,Kent Johnson,1.8
Tomas,Tatar,1800000,Tomas Tatar,1.8
Teddy,Blueger,1800000,Teddy Blueger,1.8
Carl,Grundstrom,1800000,Carl Grundstrom,1.8
John,Klingberg,1755056,John Klingberg,1.755056
Nicolas,Deslauriers,1750000,Nicolas Deslauriers,1.75
Jake,Bean,1750000,Jake Bean,1.75
Jack,Drury,1725000,Jack Drury,1.725
Yegor,Zamula,1700000,Yegor Zamula,1.7
Jake,Evans,1700000,Jake Evans,1.7
Pius,Suter,1600000,Pius Suter,1.6
Cameron,York,1600000,Cameron York,1.6
Jack,McBain,1599999,Jack McBain,1.599999
Isac,Lundestrom,1500000,Isac Lundestrom,1.5
Kiefer,Sherwood,1500000,Kiefer Sherwood,1.5
Bobby,Brink,1500000,Bobby Brink,1.5
Jordan,Spence,1500000,Jordan Spence,1.5
Derek,Forbort,1500000,Derek Forbort,1.5
Brandon,Saad,1500000,Brandon Saad,1.5
Colin,Miller,1500000,Colin Miller,1.5
Oskar,Sundqvist,1500000,Oskar Sundqvist,1.5
Nicolas,Aube-Kubel,1500000,Nicolas Aube-Kubel,1.5
Jani,Hakanpaa,1470000,Jani Hakanpaa,1.47
Mattias,Janmark,1450000,Mattias Janmark,1.45
Fabian,Zetterlund,1450000,Fabian Zetterlund,1.45
Peyton,Krebs,1450000,Peyton Krebs,1.45
Dylan,Samberg,1400000,Dylan Samberg,1.4
Jordan,Harris,1400000,Jordan Harris,1.4
Michael,Kesselring,1400000,Michael Kesselring,1.4
Keegan,Kolesar,1400000,Keegan Kolesar,1.4
Ryan,Reaves,1350000,Ryan Reaves,1.35
Nathan,Bastian,1350000,Nathan Bastian,1.35
Beck,Malenstyn,1350000,Beck Malenstyn,1.35
Morgan,Barron,1350000,Morgan Barron,1.35
Simon,Benoit,1350000,Simon Benoit,1.35
Bobby,McMann,1350000,Bobby McMann,1.35
Ty,Dellandrea,1300000,Ty Dellandrea,1.3
Arber,Xhekaj,1300000,Arber Xhekaj,1.3
Pat,Maroon,1300000,Pat Maroon,1.3
Nic,Dowd,1300000,Nic Dowd,1.3
Kevin,Rooney,1300000,Kevin Rooney,1.3
Zach,Bogosian,1250000,Zach Bogosian,1.25
Mike,Reilly,1250000,Mike Reilly,1.25
Anthony,Beauvillier,1250000,Anthony Beauvillier,1.25
Logan,Stanley,1250000,Logan Stanley,1.25
Alexei,Toropchenko,1250000,Alexei Toropchenko,1.25
Nils,Lundkvist,1250000,Nils Lundkvist,1.25
Daniil,Miromanov,1250000,Daniil Miromanov,1.25
Lukas,Reichel,1200000,Lukas Reichel,1.2
Jon,Merrill,1200000,Jon Merrill,1.2
Sam,Steel,1200000,Sam Steel,1.2
Connor,Dewar,1180000,Connor Dewar,1.18
Justin,Barron,1150000,Justin Barron,1.15
Corey,Perry,1150000,Corey Perry,1.15
Dmitry,Kulikov,1150000,Dmitry Kulikov,1.15
Kurtis,MacDermid,1150000,Kurtis MacDermid,1.15
Christian,Fischer,1125000,Christian Fischer,1.125
Nicklaus,Perbix,1125000,Nicklaus Perbix,1.125
Conor,Timmins,1100000,Conor Timmins,1.1
Mathieu,Olivier,1100000,Mathieu Olivier,1.1
Nils,Hoglander,1100000,Nils Hoglander,1.1
Justin,Danforth,1100000,Justin Danforth,1.1
Travis,Hamonic,1100000,Travis Hamonic,1.1
Ross,Johnston,1100000,Ross Johnston,1.1
Kyle,Burroughs,1100000,Kyle Burroughs,1.1
Urho,Vaakanainen,1100000,Urho Vaakanainen,1.1
Victor,Olofsson,1075000,Victor Olofsson,1.075
Oliver,Kylington,1050000,Oliver Kylington,1.05
Kevin,Bahl,1050000,Kevin Bahl,1.05
Logan,O'Connor,1050000,Logan O'Connor,1.05
Brett,Leason,1050000,Brett Leason,1.05
Rasmus,Kupari,1000000,Rasmus Kupari,1
Martin,Pospisil,1000000,Martin Pospisil,1
Declan,Chisholm,1000000,Declan Chisholm,1
Vasily,Podkolzin,1000000,Vasily Podkolzin,1
Henry,Thrun,1000000,Henry Thrun,1
Cole,Smith,1000000,Cole Smith,1
Erik,Johnson,1000000,Erik Johnson,1
Craig,Smith,1000000,Craig Smith,1
Sam,Carrick,1000000,Sam Carrick,1
Brendan,Smith,1000000,Brendan Smith,1
Connor,Brown,1000000,Connor Brown,1
Liam,O'Brien,1000000,Liam O'Brien,1
Curtis,Lazar,1000000,Curtis Lazar,1
Kasperi,Kapanen,1000000,Kasperi Kapanen,1
Andreas,Englund,1000000,Andreas Englund,1
Taylor,Raddysh,1000000,Taylor Raddysh,1
Ben,Hutton,975000,Ben Hutton,0.975
Darren,Raddysh,975000,Darren Raddysh,0.975
Daniel,Sprong,975000,Daniel Sprong,0.975
Macklin,Celebrini,975000,Macklin Celebrini,0.975
Artyom,Levshunov,975000,Artyom Levshunov,0.975
Zeev,Buium,966500,Zeev Buium,0.9665
Pierre-Olivier,Joseph,950000,Pierre-Olivier Joseph,0.95
Ty,Emberson,950000,Ty Emberson,0.95
Juraj,Slafkovský,950000,Juraj Slafkovský,0.95
Logan,Cooley,950000,Logan Cooley,0.95
Cutter,Gauthier,950000,Cutter Gauthier,0.95
Frank,Nazar,950000,Frank Nazar,0.95
Jimmy,Snuggerud,950000,Jimmy Snuggerud,0.95
Seamus,Casey,950000,Seamus Casey,0.95
Lane,Hutson,950000,Lane Hutson,0.95
Zach,Benson,950000,Zach Benson,0.95
Connor,Bedard,950000,Connor Bedard,0.95
Leo,Carlsson,950000,Leo Carlsson,0.95
Adam,Fantilli,950000,Adam Fantilli,0.95
Will,Smith,950000,Will Smith,0.95
Matvei,Michkov,950000,Matvei Michkov,0.95
Ryan,Leonard,950000,Ryan Leonard,0.95
Matthew,Wood,950000,Matthew Wood,0.95
Maxim,Tsyplakov,950000,Maxim Tsyplakov,0.95
Eric,Robinson,950000,Eric Robinson,0.95
Sam,Rinzel,941667,Sam Rinzel,0.941667
Collin,Graf,941667,Collin Graf,0.941667
Ivan,Demidov,940833,Ivan Demidov,0.940833
John,Beecher,925000,John Beecher,0.925
Jackson,LaCombe,925000,Jackson LaCombe,0.925
Drew,Helleson,925000,Drew Helleson,0.925
Dmitri,Voronkov,925000,Dmitri Voronkov,0.925
Drew,O'Connor,925000,Drew O'Connor,0.925
Sam,Colangelo,925000,Sam Colangelo,0.925
Marat,Khusnutdinov,925000,Marat Khusnutdinov,0.925
Brock,Faber,925000,Brock Faber,0.925
Mason,Lohrei,925000,Mason Lohrei,0.925
Alexander,Nikishin,925000,Alexander Nikishin,0.925
Luke,Hughes,925000,Luke Hughes,0.925
Matt,Coronato,925000,Matt Coronato,0.925
Fyodor,Svechkov,925000,Fyodor Svechkov,0.925
Mackie,Samoskevich,925000,Mackie Samoskevich,0.925
Josh,Doan,925000,Josh Doan,0.925
Matthew,Knies,925000,Matthew Knies,0.925
Oliver,Kapanen,925000,Oliver Kapanen,0.925
Pavel,Mintyukov,918333,Pavel Mintyukov,0.918333
Kevin,Korchinski,918333,Kevin Korchinski,0.918333
Simon,Nemec,918333,Simon Nemec,0.918333
David,Jiricek,918333,David Jiricek,0.918333
Lian,Bichsel,918333,Lian Bichsel,0.918333
Tyler,Kleven,916667,Tyler Kleven,0.916667
Wyatt,Kaiser,916667,Wyatt Kaiser,0.916667
Scott,Morrow,916667,Scott Morrow,0.916667
Carter,Mazur,905833,Carter Mazur,0.905833
Jackson,Blake,905833,Jackson Blake,0.905833
Jacob,Bryson,900000,Jacob Bryson,0.9
James,van Riemsdyk,900000,James van Riemsdyk,0.9
Cam,Atkinson,900000,Cam Atkinson,0.9
Matt,Nieto,900000,Matt Nieto,0.9
Michael,McCarron,900000,Michael McCarron,0.9
Emil,Heineman,897500,Emil Heineman,0.8975
Mikael,Pyyhtia,897500,Mikael Pyyhtia,0.8975
Ryker,Evans,897500,Ryker Evans,0.8975
Nikolai,Kovalenko,896250,Nikolai Kovalenko,0.89625
Alexander,Holtz,894167,Alexander Holtz,0.894167
Shakir,Mukhamadullin,894167,Shakir Mukhamadullin,0.894167
Mavrik,Bourque,894167,Mavrik Bourque,0.894167
Mason,McTavish,894167,Mason McTavish,0.894167
Dylan,Guenther,894176,Dylan Guenther,0.894176
Wyatt,Johnston,894167,Wyatt Johnston,0.894167
Simon,Edvinsson,894167,Simon Edvinsson,0.894167
Jani,Nyman,891666,Jani Nyman,0.891666
Conor,Geekie,886666,Conor Geekie,0.886666
Matthew,Savoie,886666,Matthew Savoie,0.886666
Denton,Mateychuk,886666,Denton Mateychuk,0.886666
Shane,Wright,886666,Shane Wright,0.886666
Marco,Kasper,886666,Marco Kasper,0.886666
Liam,Öhgren,886666,Liam Öhgren,0.886666
Jiri,Kulich,886666,Jiri Kulich,0.886666
Elmer,Soderblom,878333,Elmer Soderblom,0.878333
Nicholas,Robertson,875000,Nicholas Robertson,0.875
Alex,Laferriere,875000,Alex Laferriere,0.875
Logan,Mailloux,875000,Logan Mailloux,0.875
Thomas,Bordeleau,874125,Thomas Bordeleau,0.874125
Max,Pacioretty,873770,Max Pacioretty,0.87377
Emil,Lilleberg,870000,Emil Lilleberg,0.87
Matthew,Poitras,870000,Matthew Poitras,0.87
Jayden,Struble,867500,Jayden Struble,0.8675
Tristan,Luneau,865000,Tristan Luneau,0.865
Jack,Quinn,863334,Jack Quinn,0.863334
Marco,Rossi,863334,Marco Rossi,0.863334
Kaiden,Guhle,863334,Kaiden Guhle,0.863334
Hendrix,Lapierre,863334,Hendrix Lapierre,0.863334
Tyson,Foerster,863334,Tyson Foerster,0.863334
Connor,Zary,863334,Connor Zary,0.863334
Ridly,Greig,863334,Ridly Greig,0.863334
Brandt,Clarke,863334,Brandt Clarke,0.863334
Zachary,L'Heureux,863334,Zachary L'Heureux,0.863334
Zack,Bolduc,863334,Zack Bolduc,0.863334
William,Eklund,863333,William Eklund,0.863333
Tye,Kartye,859167,Tye Kartye,0.859167
John-Jason,Peterka,855834,John-Jason Peterka,0.855834
Simon,Holmstrom,850000,Simon Holmstrom,0.85
Sam,Malinski,850000,Sam Malinski,0.85
Uvis,Balinskis,850000,Uvis Balinskis,0.85
Zemgus,Girgensons,850000,Zemgus Girgensons,0.85
A.J.,Greer,850000,A.J. Greer,0.85
Noah,Gregor,850000,Noah Gregor,0.85
Justin,Sourdif,847500,Justin Sourdif,0.8475
Adam,Edstrom,846667,Adam Edstrom,0.846667
Antonio,Stranges,846667,Antonio Stranges,0.846667
Ivan,Ivan,845000,Ivan Ivan,0.845
Olen,Zellweger,844167,Olen Zellweger,0.844167
Elias,Pettersson,838333,Elias Pettersson,0.838333
Aatu,Räty,836667,Aatu Räty,0.836667
Jake,Neighbours,835834,Jake Neighbours,0.835834
Ozzy,Wiesblatt,835833,Ozzy Wiesblatt,0.835833
David,Gustafsson,835000,David Gustafsson,0.835
Mark,Kastelic,835000,Mark Kastelic,0.835
Danil,Gushchin,828334,Danil Gushchin,0.828334
Will,Cuylle,828333,Will Cuylle,0.828333
Donovan,Sebrango,828333,Donovan Sebrango,0.828333
Jack,Thompson,828333,Jack Thompson,0.828333
Alexander,Alexeyev,825000,Alexander Alexeyev,0.825
Jonatan,Berggren,825000,Jonatan Berggren,0.825
Parker,Kelly,825000,Parker Kelly,0.825
Philip,Tomasino,825000,Philip Tomasino,0.825
Arthur,Kaliyev,825000,Arthur Kaliyev,0.825
Kaedan,Korczak,825000,Kaedan Korczak,0.825
Nils,Aman,825000,Nils Aman,0.825
Nolan,Allan,825000,Nolan Allan,0.825
Dennis,Gilbert,825000,Dennis Gilbert,0.825
Matt,Rempe,820000,Matt Rempe,0.82
Fraser,Minten,816666,Fraser Minten,0.816666
Logan,Stankoven,814167,Logan Stankoven,0.814167
Zachary,Jones,812500,Zachary Jones,0.8125
Nikita,Prishchepov,806667,Nikita Prishchepov,0.806667
Samuel,Helenius,805833,Samuel Helenius,0.805833
Jacob,Bernard-Docker,805000,Jacob Bernard-Docker,0.805
Pontus,Holmberg,800000,Pontus Holmberg,0.8
Tyler,Tucker,800000,Tyler Tucker,0.8
Jakob,Pelletier,800000,Jakob Pelletier,0.8
Cole,Schwindt,800000,Cole Schwindt,0.8
Mitchell,Chaffee,800000,Mitchell Chaffee,0.8
Matthew,Kessel,800000,Matthew Kessel,0.8
Trevor,Lewis,800000,Trevor Lewis,0.8
Calvin,de Haan,800000,Calvin de Haan,0.8
Nick,Cousins,800000,Nick Cousins,0.8
Mark,Jankowski,800000,Mark Jankowski,0.8
Jimmy,Vesey,800000,Jimmy Vesey,0.8
Nate,Schmidt,800000,Nate Schmidt,0.8
Tyler,Motte,800000,Tyler Motte,0.8
Luke,Glendening,800000,Luke Glendening,0.8
Parker,Wotherspoon,800000,Parker Wotherspoon,0.8
Michael,Eyssimont,800000,Michael Eyssimont,0.8
Luke,Evangelista,797500,Luke Evangelista,0.7975
Jakub,Lauko,787500,Jakub Lauko,0.7875
Jonny,Brodzinski,787500,Jonny Brodzinski,0.7875
Jansen,Harkins,787500,Jansen Harkins,0.7875
Joel,Hanley,787500,Joel Hanley,0.7875
Troy,Stecher,787500,Troy Stecher,0.7875
Ryan,Suter,775000,Ryan Suter,0.775
Jack,Johnson,775000,Jack Johnson,0.775
Robert,Bortuzzo,775000,Robert Bortuzzo,0.775
Matt,Martin,775000,Matt Martin,0.775
Dylan,McIlrath,775000,Dylan McIlrath,0.775
Austin,Watson,775000,Austin Watson,0.775
Alexander,Petrovic,775000,Alexander Petrovic,0.775
Justin,Dowling,775000,Justin Dowling,0.775
Tanner,Pearson,775000,Tanner Pearson,0.775
Dominic,Toninato,775000,Dominic Toninato,0.775
John,Hayden,775000,John Hayden,0.775
Hudson,Fasching,775000,Hudson Fasching,0.775
Nathan,Walker,775000,Nathan Walker,0.775
Jordan,Oesterle,775000,Jordan Oesterle,0.775
Tomas,Nosek,775000,Tomas Nosek,0.775
Haydn,Fleury,775000,Haydn Fleury,0.775
Jakub,Vrana,775000,Jakub Vrana,0.775
Tony,DeAngelo,775000,Tony DeAngelo,0.775
Justin,Kirkland,775000,Justin Kirkland,0.775
Noah,Juulsen,775000,Noah Juulsen,0.775
Mitchell,Stephens,775000,Mitchell Stephens,0.775
Ryan,Shea,775000,Ryan Shea,0.775
Adam,Gaudette,775000,Adam Gaudette,0.775
Steven,Lorentz,775000,Steven Lorentz,0.775
Dryden,Hunt,775000,Dryden Hunt,0.775
Kevin,Labanc,775000,Kevin Labanc,0.775
Tyson,Jost,775000,Tyson Jost,0.775
Josh,Mahura,775000,Josh Mahura,0.775
Keaton,Middleton,775000,Keaton Middleton,0.775
Jacob,Moverare,775000,Jacob Moverare,0.775
Rodrigo,Abols,775000,Rodrigo Abols,0.775
Michael,Carcone,775000,Michael Carcone,0.775
Zach,Aston-Reese,775000,Zach Aston-Reese,0.775
Jesper,Boqvist,775000,Jesper Boqvist,0.775
Jonah,Gadjovich,775000,Jonah Gadjovich,0.775
Adam,Boqvist,775000,Adam Boqvist,0.775
Oskar,Back,775000,Oskar Back,0.775
Linus,Karlsson,775000,Linus Karlsson,0.775
Paul,Cotter,775000,Paul Cotter,0.775
Cole,Koepke,775000,Cole Koepke,0.775
Colin,Blackwell,775000,Colin Blackwell,0.775
Jake,Christiansen,775000,Jake Christiansen,0.775
Brayden,Pachal,775000,Brayden Pachal,0.775
Kyle,MacLean,775000,Kyle MacLean,0.775
Justin,Brazeau,775000,Justin Brazeau,0.775
Tye,Felhaber,775000,Tye Felhaber,0.775
Joel,Kiviranta,775000,Joel Kiviranta,0.775
Alex,Turcotte,775000,Alex Turcotte,0.775
Matthew,Robertson,775000,Matthew Robertson,0.775
Albert,Johansson,775000,Albert Johansson,0.775
Juuso,Parssinen,775000,Juuso Parssinen,0.775
Gage,Goncalves,775000,Gage Goncalves,0.775
Louis,Crevier,775000,Louis Crevier,0.775
Matt,Kiersted,775000,Matt Kiersted,0.775
Nick,Blankenburg,775000,Nick Blankenburg,0.775
Adam,Klapka,775000,Adam Klapka,0.775
Nikolas,Matinpalo,775000,Nikolas Matinpalo,0.775
Marc,Gatcomb,775000,Marc Gatcomb,0.775
Johnathan,Kovacevic,766667,Johnathan Kovacevic,0.766667